Workbook

Sheet CUOTA CLIENTE - CATEGORÍA
M1: VENTA Q1
A2: CEDI | B2: CLIENTE | C2: PLAN | D2: CATEGORIAS | E2: CONCAT | F2: ENERO | G2: FEBRERO | H2: MARZO | I2: TOTAL Q1 | J2: REBATE A APLICAR % | K2: REBATE $ | L2: REBATE MAXIMO 110% | M2: ENERO | N2: FEBRERO | O2: MARZO | P2: CARTERA | Q2: VENTA Q1 | R2: CUMPLIMIENTO | S2: GANA POR CATEGORÍA | T2: GANA TOTAL | U2: PRE REBATE | V2: REBATE REAL VOL
A3: JAVIER MALDONADO | B3: ACOSTA SANTAMARIA EDGAR PATRICIO | C3: MAYORISTA | D3: AEROSOL | E3: =_xlfn.CONCAT(B3,D3) -> ACOSTA SANTAMARIA EDGAR PATRICIOAEROSOL | F3: 15 | G3: 15 | H3: 15 | I3: =SUM(F3:H3) -> 45 | J3: 0.05 | K3: =I3*J3 -> 2.25 | L3: =(I3*1.1)*J3 -> 2.475 | M3: 50 | N3: 35 | O3: 120 | P3: 0 | Q3: =SUM(M3:P3) -> 205 | R3: =IFERROR(Q3/I3,0) -> 4.5555556 | S3: =IF(R3>=80%,"GANA","NO GANA") -> GANA | T3: =VLOOKUP(B3,'CUOTA TOTAL'!$B$4:$F$7,5,FALSE) -> GANA | U3: =IF(AND(T3="GANA",S3="GANA"),Q3*J3,0) -> 10.25 | V3: =IF(U3<=L3,U3,L3) -> 2.475
A4: JAVIER MALDONADO | B4: ACOSTA SANTAMARIA EDGAR PATRICIO | C4: MAYORISTA | D4: AEROSOL | E4: =_xlfn.CONCAT(B4,D4) -> ACOSTA SANTAMARIA EDGAR PATRICIOAEROSOL | F4: 30 | G4: 30 | H4: 30 | I4: =SUM(F4:H4) -> 90 | J4: 0.08 | K4: =I4*J4 -> 7.2 | L4: =(I4*1.1)*J4 -> 7.92 | M4: 50 | N4: 35 | O4: 20 | P4: 0 | Q4: =SUM(M4:O4) -> 105 | R4: =IFERROR(Q4/I4,0) -> 1.1666667 | S4: =IF(R4>=80%,"GANA","NO GANA") -> GANA | T4: =VLOOKUP(B4,'CUOTA TOTAL'!$B$4:$F$7,5,FALSE) -> GANA | U4: =IF(AND(T4="GANA",S4="GANA"),Q4*J4,0) -> 8.4 | V4: =IF(U4<=L4,U4,L4) -> 7.92
A5: JAVIER MALDONADO | B5: ACOSTA SANTAMARIA EDGAR PATRICIO | C5: MAYORISTA | D5: PASTAS | E5: =_xlfn.CONCAT(B5,D5) -> ACOSTA SANTAMARIA EDGAR PATRICIOPASTAS | F5: 20 | G5: 2 | H5: 2 | I5: =SUM(F5:H5) -> 24 | J5: 0.5 | K5: =I5*J5 -> 12 | L5: =(I5*1.1)*J5 -> 13.2 | M5: 50 | N5: 35 | O5: 15 | P5: 0 | Q5: =SUM(M5:O5) -> 100 | R5: =IFERROR(Q5/I5,0) -> 4.1666667 | S5: =IF(R5>=80%,"GANA","NO GANA") -> GANA | T5: =VLOOKUP(B5,'CUOTA TOTAL'!$B$4:$F$7,5,FALSE) -> GANA | U5: =IF(AND(T5="GANA",S5="GANA"),Q5*J5,0) -> 50 | V5: =IF(U5<=L5,U5,L5) -> 13.2
A6: JAVIER MALDONADO | B6: DISFALEP S.A.S. | C6: MAYORISTA | D6: AEROSOL | E6: =_xlfn.CONCAT(B6,D6) -> DISFALEP S.A.S.AEROSOL | F6: 2 | G6: 2 | H6: 2 | I6: =SUM(F6:H6) -> 6 | J6: 0.5 | K6: =I6*J6 -> 3 | L6: =(I6*1.1)*J6 -> 3.3 | M6: 50 | N6: 35 | O6: 56 | P6: 0 | Q6: =SUM(M6:O6) -> 141 | R6: =IFERROR(Q6/I6,0) -> 23.5 | S6: =IF(R6>=80%,"GANA","NO GANA") -> GANA | T6: =VLOOKUP(B6,'CUOTA TOTAL'!$B$4:$F$7,5,FALSE) -> GANA | U6: =IF(AND(T6="GANA",S6="GANA"),Q6*J6,0) -> 70.5 | V6: =IF(U6<=L6,U6,L6) -> 3.3
A7: JAVIER MALDONADO | B7: DISFALEP S.A.S. | C7: MAYORISTA | D7: PASTAS | E7: =_xlfn.CONCAT(B7,D7) -> DISFALEP S.A.S.PASTAS | F7: 20 | G7: 2 | H7: 20 | I7: =SUM(F7:H7) -> 42 | J7: 2 | K7: =I7*J7 -> 84 | L7: =(I7*1.1)*J7 -> 92.4 | M7: 50 | N7: 35 | O7: 1 | P7: 0 | Q7: =SUM(M7:O7) -> 86 | R7: =IFERROR(Q7/I7,0) -> 2.047619 | S7: =IF(R7>=80%,"GANA","NO GANA") -> GANA | T7: =VLOOKUP(B7,'CUOTA TOTAL'!$B$4:$F$7,5,FALSE) -> GANA | U7: =IF(AND(T7="GANA",S7="GANA"),Q7*J7,0) -> 172 | V7: =IF(U7<=L7,U7,L7) -> 92.4
A8: JAVIER MALDONADO | B8: DISFALEP S.A.S. | C8: MAYORISTA | D8: PASTAS | E8: =_xlfn.CONCAT(B8,D8) -> DISFALEP S.A.S.PASTAS | F8: 20 | G8: 2 | H8: 2 | I8: =SUM(F8:H8) -> 24 | J8: 0.5 | K8: =I8*J8 -> 12 | L8: =(I8*1.1)*J8 -> 13.2 | M8: 50 | N8: 35 | O8: 2 | P8: 0 | Q8: =SUM(M8:O8) -> 87 | R8: =IFERROR(Q8/I8,0) -> 3.625 | S8: =IF(R8>=80%,"GANA","NO GANA") -> GANA | T8: =VLOOKUP(B8,'CUOTA TOTAL'!$B$4:$F$7,5,FALSE) -> GANA | U8: =IF(AND(T8="GANA",S8="GANA"),Q8*J8,0) -> 43.5 | V8: =IF(U8<=L8,U8,L8) -> 13.2
A9: JAVIER MALDONADO | B9: DISTRIBUIDORA NOVOA E HIJOS SOCIEDAD CIVIL | C9: MAYORISTA | D9: AEROSOL | E9: =_xlfn.CONCAT(B9,D9) -> DISTRIBUIDORA NOVOA E HIJOS SOCIEDAD CIVILAEROSOL | F9: 13 | G9: 47 | H9: 2 | I9: =SUM(F9:H9) -> 62 | J9: 0 | K9: =I9*J9 -> 0 | L9: =(I9*1.1)*J9 -> 0 | M9: 50 | N9: 35 | O9: 23 | P9: 0 | Q9: =SUM(M9:O9) -> 108 | R9: =IFERROR(Q9/I9,0) -> 1.7419355 | S9: =IF(R9>=80%,"GANA","NO GANA") -> GANA | T9: =VLOOKUP(B9,'CUOTA TOTAL'!$B$4:$F$7,5,FALSE) -> NO GANA | U9: =IF(AND(T9="GANA",S9="GANA"),Q9*J9,0) -> 0 | V9: =IF(U9<=L9,U9,L9) -> 0
A10: JAVIER MALDONADO | B10: DISTRIBUIDORA NOVOA E HIJOS SOCIEDAD CIVIL | C10: MAYORISTA | D10: AEROSOL | E10: =_xlfn.CONCAT(B10,D10) -> DISTRIBUIDORA NOVOA E HIJOS SOCIEDAD CIVILAEROSOL | F10: 25 | G10: 24 | H10: 24 | I10: =SUM(F10:H10) -> 73 | J10: 0 | K10: =I10*J10 -> 0 | L10: =(I10*1.1)*J10 -> 0 | M10: 50 | N10: 35 | O10: 23 | P10: 0 | Q10: =SUM(M10:O10) -> 108 | R10: =IFERROR(Q10/I10,0) -> 1.4794521 | S10: =IF(R10>=80%,"GANA","NO GANA") -> GANA | T10: =VLOOKUP(B10,'CUOTA TOTAL'!$B$4:$F$7,5,FALSE) -> NO GANA | U10: =IF(AND(T10="GANA",S10="GANA"),Q10*J10,0) -> 0 | V10: =IF(U10<=L10,U10,L10) -> 0
A11: JAVIER MALDONADO | B11: DISTRIBUIDORA NOVOA E HIJOS SOCIEDAD CIVIL | C11: MAYORISTA | D11: PASTAS | E11: =_xlfn.CONCAT(B11,D11) -> DISTRIBUIDORA NOVOA E HIJOS SOCIEDAD CIVILPASTAS | F11: 15 | G11: 257 | H11: 42 | I11: =SUM(F11:H11) -> 314 | J11: 0 | K11: =I11*J11 -> 0 | L11: =(I11*1.1)*J11 -> 0 | M11: 50 | N11: 35 | O11: 24 | P11: 0 | Q11: =SUM(M11:O11) -> 109 | R11: =IFERROR(Q11/I11,0) -> 0.34713376 | S11: =IF(R11>=80%,"GANA","NO GANA") -> NO GANA | T11: =VLOOKUP(B11,'CUOTA TOTAL'!$B$4:$F$7,5,FALSE) -> NO GANA | U11: =IF(AND(T11="GANA",S11="GANA"),Q11*J11,0) -> 0 | V11: =IF(U11<=L11,U11,L11) -> 0
A12: JAVIER MALDONADO | B12: DISTRIBUIDORA SUPERALIANZA S.A.S | C12: MAYORISTA | D12: CREMA | E12: =_xlfn.CONCAT(B12,D12) -> DISTRIBUIDORA SUPERALIANZA S.A.SCREMA | F12: 10 | G12: 10 | H12: 10 | I12: =SUM(F12:H12) -> 30 | J12: 0.03 | K12: =I12*J12 -> 0.9 | L12: =(I12*1.1)*J12 -> 0.99 | M12: 50 | N12: 35 | O12: 23 | P12: 0 | Q12: =SUM(M12:O12) -> 108 | R12: =IFERROR(Q12/I12,0) -> 3.6 | S12: =IF(R12>=80%,"GANA","NO GANA") -> GANA | T12: =VLOOKUP(B12,'CUOTA TOTAL'!$B$4:$F$7,5,FALSE) -> GANA | U12: =IF(AND(T12="GANA",S12="GANA"),Q12*J12,0) -> 3.24 | V12: =IF(U12<=L12,U12,L12) -> 0.99
A13: JAVIER MALDONADO | B13: DISTRIBUIDORA SUPERALIANZA S.A.S | C13: MAYORISTA | D13: PASTAS | E13: =_xlfn.CONCAT(B13,D13) -> DISTRIBUIDORA SUPERALIANZA S.A.SPASTAS | F13: 20 | G13: 20 | H13: 20 | I13: =SUM(F13:H13) -> 60 | J13: 0.04 | K13: =I13*J13 -> 2.4 | L13: =(I13*1.1)*J13 -> 2.64 | M13: 50 | N13: 35 | O13: 25 | P13: 0 | Q13: =SUM(M13:O13) -> 110 | R13: =IFERROR(Q13/I13,0) -> 1.8333333 | S13: =IF(R13>=80%,"GANA","NO GANA") -> GANA | T13: =VLOOKUP(B13,'CUOTA TOTAL'!$B$4:$F$7,5,FALSE) -> GANA | U13: =IF(AND(T13="GANA",S13="GANA"),Q13*J13,0) -> 4.4 | V13: =IF(U13<=L13,U13,L13) -> 2.64
A14: JAVIER MALDONADO | B14: DISTRIBUIDORA SUPERALIANZA S.A.S | C14: MAYORISTA | D14: PASTAS | E14: =_xlfn.CONCAT(B14,D14) -> DISTRIBUIDORA SUPERALIANZA S.A.SPASTAS | F14: 15 | G14: 15 | H14: 15 | I14: =SUM(F14:H14) -> 45 | J14: 0.03 | K14: =I14*J14 -> 1.35 | L14: =(I14*1.1)*J14 -> 1.485 | M14: 50 | N14: 32 | O14: 30 | P14: 0 | Q14: =SUM(M14:O14) -> 112 | R14: =IFERROR(Q14/I14,0) -> 2.4888889 | S14: =IF(R14>=80%,"GANA","NO GANA") -> GANA | T14: =VLOOKUP(B14,'CUOTA TOTAL'!$B$4:$F$7,5,FALSE) -> GANA | U14: =IF(AND(T14="GANA",S14="GANA"),Q14*J14,0) -> 3.36 | V14: =IF(U14<=L14,U14,L14) -> 1.485
A15: TOTAL | F15: =SUBTOTAL(9,F3:F14) -> 205 | G15: =SUBTOTAL(9,G3:G14) -> 426 | H15: =SUBTOTAL(9,H3:H14) -> 184 | I15: =SUBTOTAL(9,I3:I14) -> 815 | J15: =SUBTOTAL(9,J3:J14) -> 3.73 | K15: =SUBTOTAL(9,K3:K14) -> 125.1 | L15: =SUBTOTAL(9,L3:L14) -> 137.61 | M15: =SUBTOTAL(9,M3:M14) -> 600 | ... O15: =SUBTOTAL(9,O3:O14) -> 362 | Q15: =SUBTOTAL(9,Q3:Q14) -> 1379 | R15: =IFERROR(Q15/I15,0) -> 1.6920245 | U15: =SUBTOTAL(9,U3:U14) -> 365.65 | V15: =SUBTOTAL(9,V3:V14) -> 137.61

Sheet CUOTA TOTAL
A3: CEDI | B3: CLIENTE | C3: Suma de TOTAL Q1 | D3: Suma de VENTA Q1 | E3: Cumplimiento | F3: Gana
A4: JAVIER MALDONADO | B4: ACOSTA SANTAMARIA EDGAR PATRICIO | C4: =SUMIF('CUOTA CLIENTE - CATEGORÍA'!$B$3:$B$14,B4,'CUOTA CLIENTE - CATEGORÍA'!$I$3:$I$14) -> 159 | D4: =SUMIF('CUOTA CLIENTE - CATEGORÍA'!$B$3:$B$14,B4,'CUOTA CLIENTE - CATEGORÍA'!$Q$3:$Q$14) -> 410 | E4: =IFERROR(D4/C4,0) -> 2.5786164 | F4: =IF(E4>=99.99%,"GANA","NO GANA") -> GANA
A5: JAVIER MALDONADO | B5: DISFALEP S.A.S. | C5: =SUMIF('CUOTA CLIENTE - CATEGORÍA'!$B$3:$B$14,B5,'CUOTA CLIENTE - CATEGORÍA'!$I$3:$I$14) -> 72 | D5: =SUMIF('CUOTA CLIENTE - CATEGORÍA'!$B$3:$B$14,B5,'CUOTA CLIENTE - CATEGORÍA'!$Q$3:$Q$14) -> 314 | E5: =IFERROR(D5/C5,0) -> 4.3611111 | F5: =IF(E5>=99.99%,"GANA","NO GANA") -> GANA
A6: JAVIER MALDONADO | B6: DISTRIBUIDORA NOVOA E HIJOS SOCIEDAD CIVIL | C6: =SUMIF('CUOTA CLIENTE - CATEGORÍA'!$B$3:$B$14,B6,'CUOTA CLIENTE - CATEGORÍA'!$I$3:$I$14) -> 449 | D6: =SUMIF('CUOTA CLIENTE - CATEGORÍA'!$B$3:$B$14,B6,'CUOTA CLIENTE - CATEGORÍA'!$Q$3:$Q$14) -> 325 | E6: =IFERROR(D6/C6,0) -> 0.72383073 | F6: =IF(E6>=99.99%,"GANA","NO GANA") -> NO GANA
A7: JAVIER MALDONADO | B7: DISTRIBUIDORA SUPERALIANZA S.A.S | C7: =SUMIF('CUOTA CLIENTE - CATEGORÍA'!$B$3:$B$14,B7,'CUOTA CLIENTE - CATEGORÍA'!$I$3:$I$14) -> 135 | D7: =SUMIF('CUOTA CLIENTE - CATEGORÍA'!$B$3:$B$14,B7,'CUOTA CLIENTE - CATEGORÍA'!$Q$3:$Q$14) -> 330 | E7: =IFERROR(D7/C7,0) -> 2.4444444 | F7: =IF(E7>=99.99%,"GANA","NO GANA") -> GANA

Sheet VISIBILIDAD 
D1: CANTIDAD | G1: PAGO | K1: MARCA | N1: VALIDACIÓN
A2: CEDI | B2: NOMBRES | C2: PLAN | D2: CABECERA | E2: ISLA | F2: PERCHA | G2: CABECERA | H2: ISLA | I2: PERCHA | J2: PAGO TOTAL | K2: CABECERA | L2: ISLA | M2: PERCHA | N2: CABECERA | O2: ISLA | P2: PERCHA | Q2: CABECERA | R2: ISLA | S2: PERCHA | T2: TOTAL | U2: OBSERVACION
A3: JAVIER MALDONADO | B3: ACOSTA SANTAMARIA EDGAR PATRICIO | C3: MAYORISTA | D3: 3 | E3: 3 | F3: 3 | G3: 165 | H3: 108 | I3: 72 | J3: =G3+H3+I3 -> 345 | K3: LARGOS - LARGOS - AMBIENTADOR | L3: LARGOS - LARGOS - AMBIENTADOR | M3: DON VITTORIO - DON VITTORIO - SAPOLIO | N3: =IF(D3>0,"CUMPLE","NO CUMPLE") -> CUMPLE | O3: =IF(E3>0,"CUMPLE","NO CUMPLE") -> CUMPLE | P3: =IF(F3>0,"CUMPLE","NO CUMPLE") -> CUMPLE | Q3: =IF(N3="CUMPLE",G3,0) -> 165 | R3: =IF(O3="CUMPLE",H3,0) -> 108 | S3: =IF(P3="CUMPLE",I3,0) -> 72 | T3: =SUM(Q3:S3) -> 345
A4: JAVIER MALDONADO | B4: DISFALEP S.A.S. | C4: MAYORISTA | D4: 2 | E4: 3 | F4: 3 | G4: 36 | H4: 240 | I4: 29 | J4: =G4+H4+I4 -> 305 | K4: CORTOS - CORTOS | L4: CORTOS - CORTOS - AMBIENTADOR | M4: DON VITTORIO - DON VITTORIO - SAPOLIO | N4: =IF(D4>0,"CUMPLE","NO CUMPLE") -> CUMPLE | O4: =IF(E4>0,"CUMPLE","NO CUMPLE") -> CUMPLE | P4: =IF(F4>0,"CUMPLE","NO CUMPLE") -> CUMPLE | Q4: =IF(N4="CUMPLE",G4,0) -> 36 | R4: =IF(O4="CUMPLE",H4,0) -> 240 | S4: =IF(P4="CUMPLE",I4,0) -> 29 | T4: =SUM(Q4:S4) -> 305
A5: JAVIER MALDONADO | B5: DISTRIBUIDORA SUPERALIANZA S.A.S | C5: MAYORISTA | D5: 3 | E5: 3 | F5: 2 | G5: 540 | H5: 210 | I5: 100 | J5: =G5+H5+I5 -> 850 | K5: LARGOS - CORTOS - LAVAVAJILLAS | L5: LARGOS - CORTOS - LAVAVAJILLAS | M5: DON VITTORIO - LAVA | N5: =IF(D5>0,"CUMPLE","NO CUMPLE") -> CUMPLE | O5: =IF(E5>0,"CUMPLE","NO CUMPLE") -> CUMPLE | P5: =IF(F5>0,"CUMPLE","NO CUMPLE") -> CUMPLE | Q5: =IF(N5="CUMPLE",G5,0) -> 540 | R5: =IF(O5="CUMPLE",H5,0) -> 210 | S5: =IF(P5="CUMPLE",I5,0) -> 100 | T5: =SUM(Q5:S5) -> 850
B6: TOTAL | D6: =SUM(D3:D5) -> 8 | E6: =SUM(E3:E5) -> 9 | F6: =SUM(F3:F5) -> 8 | G6: =SUM(G3:G5) -> 741 | H6: =SUM(H3:H5) -> 558 | I6: =SUM(I3:I5) -> 201 | J6: =G6+H6+I6 -> 1500 | T6: =SUBTOTAL(9,T3:T5) -> 1500

Sheet RESUMEN DE PAGOS
A1: CEDI | B1: CLIENTE | C1: VOLUMEN | D1: VISIBILIDAD | E1: TOTAL
A2: JAVIER MALDONADO | B2: ACOSTA SANTAMARIA EDGAR PATRICIO | C2: =SUMIF('CUOTA CLIENTE - CATEGORÍA'!$B$3:$B$14,B2,'CUOTA CLIENTE - CATEGORÍA'!$V$3:$V$14) -> 23.595 | D2: =IFERROR(VLOOKUP(B2,'VISIBILIDAD '!$B$3:$T$5,19,FALSE),0) -> 345 | E2: =C2+D2 -> 368.595
A3: JAVIER MALDONADO | B3: DISFALEP S.A.S. | C3: =SUMIF('CUOTA CLIENTE - CATEGORÍA'!$B$3:$B$14,B3,'CUOTA CLIENTE - CATEGORÍA'!$V$3:$V$14) -> 108.9 | D3: =IFERROR(VLOOKUP(B3,'VISIBILIDAD '!$B$3:$T$5,19,FALSE),0) -> 305 | E3: =C3+D3 -> 413.9
A4: JAVIER MALDONADO | B4: DISTRIBUIDORA NOVOA E HIJOS SOCIEDAD CIVIL | C4: =SUMIF('CUOTA CLIENTE - CATEGORÍA'!$B$3:$B$14,B4,'CUOTA CLIENTE - CATEGORÍA'!$V$3:$V$14) -> 0 | D4: =IFERROR(VLOOKUP(B4,'VISIBILIDAD '!$B$3:$T$5,19,FALSE),0) -> 0 | E4: =C4+D4 -> 0
A5: JAVIER MALDONADO | B5: DISTRIBUIDORA SUPERALIANZA S.A.S | C5: =SUMIF('CUOTA CLIENTE - CATEGORÍA'!$B$3:$B$14,B5,'CUOTA CLIENTE - CATEGORÍA'!$V$3:$V$14) -> 5.115 | D5: =IFERROR(VLOOKUP(B5,'VISIBILIDAD '!$B$3:$T$5,19,FALSE),0) -> 850 | E5: =C5+D5 -> 855.115
B6: TOTAL | C6: =SUM(C2:C5) -> 137.61 | D6: =SUM(D2:D5) -> 1500 | E6: =SUM(E2:E5) -> 1637.61
