Workbook

Sheet CUOTAS POR CAT -DISTRIBUIDORES
J1: CUOTAS Q1 2026 | Q1: VENTA Q1 2026
A2: DISTRIBUIDOR | B2: CIUDAD | C2: NOMBRE | D2: CODIGO | E2: RUC | F2: CATEGORIA | G2: SUBCATEGORIA | H2: MARCA | I2: CONCAT 1 | J2: ENERO | K2: FEBRERO | L2: MARZO | M2: CUOTA Q1 | N2: REBATE | O2: REBATE $ | P2: REBATE MAXIMO 110% | Q2: ENERO | R2: FEBRERO | S2: MARZO | T2: TOTAL VENTA Q1 | U2: CUMPLIMIENTO | V2: GANA POR CATEGORÍA | W2: GANA TOTAL Q | X2: PRE REBATE | Y2: REBATE REAL VOL | Z2: NOVEDADES
A3: ASERTIA COMERCIAL SA | B3: GUAYAQUIL | C3: ACOSTA HERNANDEZ SANTO AURELIO | D3: 914908629001 | E3: 914908629001 | F3: BARRA | G3: LAVAVAJILLAS | H3: EL ARRANCAGRASA | I3: =CONCATENATE(C3,F3) -> ACOSTA HERNANDEZ SANTO AURELIOBARRA | J3: 252 | K3: 747 | L3: 470 | M3: =SUM(J3:L3) -> 1469 | N3: 0 | O3: =M3*N3 -> 0 | P3: =(M3*1.1)*N3 -> 0 | T3: =SUM(Q3:S3) -> 0 | U3: =IFERROR(T3/M3,0) -> 0 | V3: =IF(U3>=80%,"GANA","NO GANA") -> NO GANA | W3: =VLOOKUP(C3,'CUOTA TOTAL'!$B$4:$F$4,5,FALSE) -> NO GANA | X3: =IF(AND(W3="GANA",V3="GANA"),T3*N3,0) -> 0 | Y3: =IF(X3<=P3,X3,P3) -> 0
A4: ASERTIA COMERCIAL SA | B4: GUAYAQUIL | C4: ACOSTA HERNANDEZ SANTO AURELIO | D4: 914908629001 | E4: 914908629001 | F4: CREMA | G4: LAVAVAJILLAS | H4: LAVA | I4: =CONCATENATE(C4,F4) -> ACOSTA HERNANDEZ SANTO AURELIOCREMA | J4: 25 | K4: 525 | L4: 252 | M4: =SUM(J4:L4) -> 802 | N4: 0.025 | O4: =M4*N4 -> 20.05 | P4: =(M4*1.1)*N4 -> 22.055 | T4: =SUM(Q4:S4) -> 0 | U4: =IFERROR(T4/M4,0) -> 0 | V4: =IF(U4>=80%,"GANA","NO GANA") -> NO GANA | W4: =VLOOKUP(C4,'CUOTA TOTAL'!$B$4:$F$4,5,FALSE) -> NO GANA | X4: =IF(AND(W4="GANA",V4="GANA"),T4*N4,0) -> 0 | Y4: =IF(X4<=P4,X4,P4) -> 0
A5: ASERTIA COMERCIAL SA | B5: GUAYAQUIL | C5: ACOSTA HERNANDEZ SANTO AURELIO | D5: 914908629001 | E5: 914908629001 | F5: LIQUIDO | G5: JABON TOCADOR | H5: MISTY | I5: =CONCATENATE(C5,F5) -> ACOSTA HERNANDEZ SANTO AURELIOLIQUIDO | J5: 2525 | K5: 25225 | L5: 2525 | M5: =SUM(J5:L5) -> 30275 | N5: 0.01 | O5: =M5*N5 -> 302.75 | P5: =(M5*1.1)*N5 -> 333.025 | T5: =SUM(Q5:S5) -> 0 | U5: =IFERROR(T5/M5,0) -> 0 | V5: =IF(U5>=80%,"GANA","NO GANA") -> NO GANA | W5: =VLOOKUP(C5,'CUOTA TOTAL'!$B$4:$F$4,5,FALSE) -> NO GANA | X5: =IF(AND(W5="GANA",V5="GANA"),T5*N5,0) -> 0 | Y5: =IF(X5<=P5,X5,P5) -> 0
A6: ASERTIA COMERCIAL SA | B6: GUAYAQUIL | C6: ACOSTA HERNANDEZ SANTO AURELIO | D6: 914908629001 | E6: 914908629001 | F6: LIQUIDO | G6: DESINFECTANTES | H6: GOL | I6: =CONCATENATE(C6,F6) -> ACOSTA HERNANDEZ SANTO AURELIOLIQUIDO | J6: 25 | K6: 74 | L6: 522 | M6: =SUM(J6:L6) -> 621 | N6: 0.01 | O6: =M6*N6 -> 6.21 | P6: =(M6*1.1)*N6 -> 6.831 | T6: =SUM(Q6:S6) -> 0 | U6: =IFERROR(T6/M6,0) -> 0 | V6: =IF(U6>=80%,"GANA","NO GANA") -> NO GANA | W6: =VLOOKUP(C6,'CUOTA TOTAL'!$B$4:$F$4,5,FALSE) -> NO GANA | X6: =IF(AND(W6="GANA",V6="GANA"),T6*N6,0) -> 0 | Y6: =IF(X6<=P6,X6,P6) -> 0

Sheet CUOTA TOTAL
A3: DISTRIBUIDOR | B3: NOMBRE | C3: Suma de CUOTA Q1 | D3: Suma de TOTAL VENTA Q1 | E3: Cumplimiento | F3: Gana
A4: ASERTIA COMERCIAL SA | B4: ACOSTA HERNANDEZ SANTO AURELIO | C4: =SUMIF('CUOTAS POR CAT -DISTRIBUIDORES'!$C$3:$C$6,B4,'CUOTAS POR CAT -DISTRIBUIDORES'!$M$3:$M$6) -> 33167 | D4: =SUMIF('CUOTAS POR CAT -DISTRIBUIDORES'!$C$3:$C$6,B4,'CUOTAS POR CAT -DISTRIBUIDORES'!$T$3:$T$6) -> 0 | E4: =IFERROR(D4/C4,0) -> 0 | F4: =IF(E4>=99.99%,"GANA","NO GANA") -> NO GANA

Sheet VISIBILIDAD (2)
D1: CANTIDAD | H1: PAGO | L1: VALIDACIÓN | O1: PAGO (CAJAS)
A2: DISTRIBUIDOR | B2: CIUDAD | C2: NOMBRE | D2: CABECERA | E2: ISLA | F2: PERCHA | G2: TOTAL | H2: CABECERA | I2: ISLA | J2: PERCHA | K2: TOTAL | L2: CABECERA | M2: ISLA | N2: PERCHA | O2: CABECERA | P2: ISLA | Q2: PERCHA | R2: TOTAL | S2: OBSERVACIONES
A3: ASERTIA COMERCIAL SA | B3: GUAYAQUIL | C3: ACOSTA HERNANDEZ SANTO AURELIO | D3: 4 | E3: 4 | F3: 3 | G3: =D3+E3+F3 -> 11 | H3: =D3*6 -> 24 | I3: =E3*6 -> 24 | J3: =F3*6 -> 18 | K3: =H3+I3+J3 -> 66 | O3: =IF(L3="CUMPLE",H3,0) -> 0 | P3: =IF(M3="CUMPLE",I3,0) -> 0 | Q3: =IF(N3="CUMPLE",J3,0) -> 0 | R3: =SUM(O3:Q3) -> 0
C4: TOTAL | D4: =SUM(D3:D3) -> 4 | E4: =SUM(E3:E3) -> 4 | F4: =SUM(F3:F3) -> 3 | G4: =SUM(G3:G3) -> 11 | H4: =SUM(H3:H3) -> 24 | I4: =SUM(I3:I3) -> 24 | J4: =SUM(J3:J3) -> 18 | K4: =SUBTOTAL(9,K3:K3) -> 66 | O4: =SUM(O3:O3) -> 0 | P4: =SUM(P3:P3) -> 0 | Q4: =SUM(Q3:Q3) -> 0 | R4: =SUM(R3:R3) -> 0
